AnimalID,Brand,SiteName,Month,Day,Year,Sex,AdjustedSex,Age,Mass_kg,StandardLength_cm,AxillaryGirth_cm,FlipperLength_cm,Brand_lead,date,Region
607,~300,AGATTU/GILLON POINT,6,26,2022,M,NA,P,30.5,109,75,NA,~,6/26/22,W ALEU
608,~301,AGATTU/GILLON POINT,6,26,2022,M,NA,P,28,100,79,NA,~,6/26/22,W ALEU
609,~302,AGATTU/GILLON POINT,6,26,2022,M,NA,P,41.5,112,80,NA,~,6/26/22,W ALEU
610,~303,AGATTU/GILLON POINT,6,26,2022,M,NA,P,30.5,105,73,NA,~,6/26/22,W ALEU
611,~304,AGATTU/GILLON POINT,6,26,2022,M,NA,P,43,115,81,NA,~,6/26/22,W ALEU
612,~305,AGATTU/GILLON POINT,6,26,2022,M,NA,P,36,102,82,NA,~,6/26/22,W ALEU
613,~306,AGATTU/GILLON POINT,6,26,2022,F,NA,P,30.5,98,79,NA,~,6/26/22,W ALEU
614,~307,AGATTU/GILLON POINT,6,26,2022,F,NA,P,28,103,78,NA,~,6/26/22,W ALEU
615,~308,AGATTU/GILLON POINT,6,26,2022,F,NA,P,26,93,71,NA,~,6/26/22,W ALEU
616,~309,AGATTU/GILLON POINT,6,26,2022,M,NA,P,33,107,77,NA,~,6/26/22,W ALEU
617,~310,AGATTU/GILLON POINT,6,26,2022,M,NA,P,38,111,84,NA,~,6/26/22,W ALEU
618,~311,AGATTU/GILLON POINT,6,26,2022,M,NA,P,32.5,103,76,NA,~,6/26/22,W ALEU
619,~312,AGATTU/GILLON POINT,6,26,2022,F,NA,P,31.5,109,72,NA,~,6/26/22,W ALEU
620,~313,AGATTU/GILLON POINT,6,26,2022,F,NA,P,27,94,76,NA,~,6/26/22,W ALEU
621,~314,AGATTU/GILLON POINT,6,26,2022,F,NA,P,27,101,72,NA,~,6/26/22,W ALEU
622,~315,AGATTU/GILLON POINT,6,26,2022,M,NA,P,32,100,75,NA,~,6/26/22,W ALEU
623,~316,AGATTU/GILLON POINT,6,26,2022,M,NA,P,33,103,74,NA,~,6/26/22,W ALEU
624,~317,AGATTU/GILLON POINT,6,26,2022,F,NA,P,29,100,74,NA,~,6/26/22,W ALEU
625,~318,AGATTU/GILLON POINT,6,26,2022,M,NA,P,36,113,77,NA,~,6/26/22,W ALEU
626,~319,AGATTU/GILLON POINT,6,26,2022,F,NA,P,36,105,82,NA,~,6/26/22,W ALEU
627,~320,AGATTU/GILLON POINT,6,26,2022,F,NA,P,35,111,77,NA,~,6/26/22,W ALEU
628,~321,AGATTU/GILLON POINT,6,26,2022,F,NA,P,32,104,75,NA,~,6/26/22,W ALEU
629,~322,AGATTU/GILLON POINT,6,26,2022,F,NA,P,23.5,101,68,NA,~,6/26/22,W ALEU
630,~323,AGATTU/GILLON POINT,6,26,2022,F,NA,P,29,96,76,NA,~,6/26/22,W ALEU
631,~324,AGATTU/GILLON POINT,6,26,2022,F,NA,P,29.5,108,74,NA,~,6/26/22,W ALEU
632,~325,AGATTU/GILLON POINT,6,26,2022,F,NA,P,28,108,72,NA,~,6/26/22,W ALEU
633,~326,AGATTU/GILLON POINT,6,26,2022,F,NA,P,34,104,81,NA,~,6/26/22,W ALEU
634,~327,AGATTU/GILLON POINT,6,26,2022,M,NA,P,33.5,114,75,NA,~,6/26/22,W ALEU
635,~328,AGATTU/GILLON POINT,6,26,2022,F,NA,P,33.5,102,81,NA,~,6/26/22,W ALEU
636,~329,AGATTU/GILLON POINT,6,26,2022,F,NA,P,28,105,75,NA,~,6/26/22,W ALEU
637,~330,AGATTU/GILLON POINT,6,26,2022,F,NA,P,29,104,71,NA,~,6/26/22,W ALEU
638,~331,AGATTU/GILLON POINT,6,26,2022,M,NA,P,22.5,94,67,NA,~,6/26/22,W ALEU
639,~332,AGATTU/GILLON POINT,6,26,2022,F,NA,P,30,115,69,NA,~,6/26/22,W ALEU
640,~333,AGATTU/GILLON POINT,6,26,2022,F,NA,P,38,105,79,NA,~,6/26/22,W ALEU
641,~334,AGATTU/GILLON POINT,6,26,2022,F,NA,P,31.5,109,77,NA,~,6/26/22,W ALEU
642,~335,AGATTU/GILLON POINT,6,26,2022,M,NA,P,32,102,77,NA,~,6/26/22,W ALEU
643,~336,AGATTU/GILLON POINT,6,26,2022,M,NA,P,43,119,87,NA,~,6/26/22,W ALEU
644,~337,AGATTU/GILLON POINT,6,26,2022,M,NA,P,27.5,104,72,NA,~,6/26/22,W ALEU
645,~338,AGATTU/GILLON POINT,6,26,2022,M,NA,P,41.5,112,84,NA,~,6/26/22,W ALEU
646,~339,AGATTU/GILLON POINT,6,26,2022,F,NA,P,28,109,71,NA,~,6/26/22,W ALEU
647,~340,AGATTU/GILLON POINT,6,26,2022,M,NA,P,33.5,109,81,NA,~,6/26/22,W ALEU
648,~341,AGATTU/GILLON POINT,6,26,2022,F,NA,P,31.5,106,75,NA,~,6/26/22,W ALEU
649,~342,AGATTU/GILLON POINT,6,26,2022,F,NA,P,25,103,73,NA,~,6/26/22,W ALEU
650,~343,AGATTU/GILLON POINT,6,26,2022,M,NA,P,36.5,110,81,NA,~,6/26/22,W ALEU
651,~344,AGATTU/GILLON POINT,6,26,2022,F,NA,P,33.5,111,71,NA,~,6/26/22,W ALEU
652,~345,AGATTU/GILLON POINT,6,26,2022,M,NA,P,34,111,76,NA,~,6/26/22,W ALEU
653,~346,AGATTU/GILLON POINT,6,26,2022,M,NA,P,34.5,110,75,NA,~,6/26/22,W ALEU
654,~347,AGATTU/GILLON POINT,6,26,2022,F,NA,P,24,104,68,NA,~,6/26/22,W ALEU
655,~348,AGATTU/GILLON POINT,6,26,2022,M,NA,P,31.5,107,73,NA,~,6/26/22,W ALEU
656,~349,AGATTU/GILLON POINT,6,26,2022,M,NA,P,44,117,86,NA,~,6/26/22,W ALEU
22203,>207,ULAK/HASGOX POINT,7,3,2022,F,NA,P,28,97,72,NA,>,7/3/22,C ALEU
22204,>208,ULAK/HASGOX POINT,7,3,2022,F,NA,P,33,106,82,NA,>,7/3/22,C ALEU
22205,>209,ULAK/HASGOX POINT,7,3,2022,F,NA,P,36,98,76,NA,>,7/3/22,C ALEU
22206,>210,ULAK/HASGOX POINT,7,3,2022,F,NA,P,40,109,78,NA,>,7/3/22,C ALEU
22207,>211,ULAK/HASGOX POINT,7,3,2022,F,NA,P,32,105,72,NA,>,7/3/22,C ALEU
22208,>212,ULAK/HASGOX POINT,7,3,2022,F,NA,P,39.5,110,81,NA,>,7/3/22,C ALEU
22209,>213,ULAK/HASGOX POINT,7,3,2022,F,NA,P,36,105,75.5,NA,>,7/3/22,C ALEU
22210,>214,ULAK/HASGOX POINT,7,3,2022,M,NA,P,43.5,113,88,NA,>,7/3/22,C ALEU
22211,>215,ULAK/HASGOX POINT,7,3,2022,F,NA,P,28,104,70,NA,>,7/3/22,C ALEU
22212,>216,ULAK/HASGOX POINT,7,3,2022,M,NA,P,47,115,89,NA,>,7/3/22,C ALEU
22213,>217,ULAK/HASGOX POINT,7,3,2022,M,NA,P,38.5,107,84,NA,>,7/3/22,C ALEU
22214,>218,ULAK/HASGOX POINT,7,3,2022,M,NA,P,39.5,115,77,NA,>,7/3/22,C ALEU
22215,>219,ULAK/HASGOX POINT,7,3,2022,F,NA,P,35.5,114,80,NA,>,7/3/22,C ALEU
22216,>220,ULAK/HASGOX POINT,7,3,2022,M,NA,P,41.5,114,84,NA,>,7/3/22,C ALEU
22217,>221,ULAK/HASGOX POINT,7,3,2022,F,NA,P,34,106,73,NA,>,7/3/22,C ALEU
22218,>222,ULAK/HASGOX POINT,7,3,2022,M,NA,P,43.5,110,84,NA,>,7/3/22,C ALEU
22219,>223,ULAK/HASGOX POINT,7,3,2022,M,NA,P,40.5,114,84,NA,>,7/3/22,C ALEU
22220,>224,ULAK/HASGOX POINT,7,3,2022,M,NA,P,41,114,84,NA,>,7/3/22,C ALEU
22221,>225,ULAK/HASGOX POINT,7,3,2022,M,NA,P,40,116,85,NA,>,7/3/22,C ALEU
22222,>226,ULAK/HASGOX POINT,7,3,2022,F,NA,P,33.5,105,76.5,NA,>,7/3/22,C ALEU
22223,>227,ULAK/HASGOX POINT,7,3,2022,F,NA,P,31.5,109,70.5,NA,>,7/3/22,C ALEU
22224,>228,ULAK/HASGOX POINT,7,3,2022,F,NA,P,36,111,80,NA,>,7/3/22,C ALEU
22225,>229,ULAK/HASGOX POINT,7,3,2022,M,NA,P,48,122,84,NA,>,7/3/22,C ALEU
22226,>230,ULAK/HASGOX POINT,7,3,2022,M,NA,P,45,120,86,NA,>,7/3/22,C ALEU
22227,>231,ULAK/HASGOX POINT,7,3,2022,M,NA,P,36.5,117,81,NA,>,7/3/22,C ALEU
22228,>232,ULAK/HASGOX POINT,7,3,2022,M,NA,P,32.5,108,74,NA,>,7/3/22,C ALEU
22229,>233,ULAK/HASGOX POINT,7,3,2022,F,NA,P,34.5,116,73,NA,>,7/3/22,C ALEU
22230,>234,ULAK/HASGOX POINT,7,3,2022,M,NA,P,41.5,119,78,NA,>,7/3/22,C ALEU
22231,>235,ULAK/HASGOX POINT,7,3,2022,F,NA,P,34.5,104,76,NA,>,7/3/22,C ALEU
22232,>236,ULAK/HASGOX POINT,7,3,2022,F,NA,P,34,109,77,NA,>,7/3/22,C ALEU
22233,>237,ULAK/HASGOX POINT,7,3,2022,F,NA,P,34,110,72,NA,>,7/3/22,C ALEU
22234,>238,ULAK/HASGOX POINT,7,3,2022,F,NA,P,34,112,80,NA,>,7/3/22,C ALEU
22235,>239,ULAK/HASGOX POINT,7,3,2022,M,NA,P,38.5,115,75.5,NA,>,7/3/22,C ALEU
22236,>240,ULAK/HASGOX POINT,7,3,2022,M,NA,P,40.5,114,81,NA,>,7/3/22,C ALEU
22237,>241,ULAK/HASGOX POINT,7,3,2022,F,NA,P,42,122,83.5,NA,>,7/3/22,C ALEU
22238,>242,ULAK/HASGOX POINT,7,3,2022,M,NA,P,27.5,104,67,NA,>,7/3/22,C ALEU
22239,>243,ULAK/HASGOX POINT,7,3,2022,F,NA,P,31.5,108,77,NA,>,7/3/22,C ALEU
22240,>244,ULAK/HASGOX POINT,7,3,2022,F,NA,P,31,108,73,NA,>,7/3/22,C ALEU
22241,>245,ULAK/HASGOX POINT,7,3,2022,M,NA,P,41.5,118,84,NA,>,7/3/22,C ALEU
22242,>246,ULAK/HASGOX POINT,7,3,2022,F,NA,P,33,107,76,NA,>,7/3/22,C ALEU
22243,>247,ULAK/HASGOX POINT,7,3,2022,M,NA,P,34,111,74,NA,>,7/3/22,C ALEU
22244,>248,ULAK/HASGOX POINT,7,3,2022,F,NA,P,29.5,107,77,NA,>,7/3/22,C ALEU
22245,>249,ULAK/HASGOX POINT,7,3,2022,M,NA,P,44,117,77.5,NA,>,7/3/22,C ALEU
22246,>250,ULAK/HASGOX POINT,7,3,2022,F,NA,P,42,116,81,NA,>,7/3/22,C ALEU
22247,>251,ULAK/HASGOX POINT,7,3,2022,M,NA,P,36.5,105,70.5,NA,>,7/3/22,C ALEU
22248,>252,ULAK/HASGOX POINT,7,3,2022,F,NA,P,29.5,105,76,NA,>,7/3/22,C ALEU
22249,>253,ULAK/HASGOX POINT,7,3,2022,M,NA,P,32,107,71,NA,>,7/3/22,C ALEU
22250,>254,ULAK/HASGOX POINT,7,3,2022,F,NA,P,38,117,72,NA,>,7/3/22,C ALEU
22251,>255,ULAK/HASGOX POINT,7,3,2022,M,NA,P,37.5,112,75,NA,>,7/3/22,C ALEU
22252,>256,ULAK/HASGOX POINT,7,3,2022,M,NA,P,36,110,73,NA,>,7/3/22,C ALEU
22253,105A,UGAMAK/UGAMAK BAY,7,3,2023,M,NA,P,32,102,75,NA,A,7/3/23,E ALEU
22254,106A,UGAMAK/UGAMAK BAY,7,3,2023,M,NA,P,34,106,73,NA,A,7/3/23,E ALEU
22255,107A,UGAMAK/UGAMAK BAY,7,3,2023,M,NA,P,36.2,108,81,NA,A,7/3/23,E ALEU
22256,108A,UGAMAK/UGAMAK BAY,7,3,2023,M,NA,P,38,113,86,NA,A,7/3/23,E ALEU
22257,109A,UGAMAK/UGAMAK BAY,7,3,2023,M,NA,P,37.2,111,78,NA,A,7/3/23,E ALEU
22258,110A,UGAMAK/UGAMAK BAY,7,3,2023,F,NA,P,34.6,111,77,NA,A,7/3/23,E ALEU
22259,111A,UGAMAK/UGAMAK BAY,7,3,2023,F,NA,P,22.4,100,71,NA,A,7/3/23,E ALEU
22260,112A,UGAMAK/UGAMAK BAY,7,3,2023,F,NA,P,33.6,111,75,NA,A,7/3/23,E ALEU
22261,113A,UGAMAK/UGAMAK BAY,7,3,2023,M,NA,P,35.8,109,78,NA,A,7/3/23,E ALEU
22262,114A,UGAMAK/UGAMAK BAY,7,3,2023,F,NA,P,29.2,105,76,NA,A,7/3/23,E ALEU
22263,115A,UGAMAK/UGAMAK BAY,7,3,2023,M,NA,P,43.4,121,84,NA,A,7/3/23,E ALEU
22264,116A,UGAMAK/UGAMAK BAY,7,3,2023,F,NA,P,34,105,86,NA,A,7/3/23,E ALEU
22265,117A,UGAMAK/UGAMAK BAY,7,3,2023,F,NA,P,34.4,104,77,NA,A,7/3/23,E ALEU
22266,118A,UGAMAK/UGAMAK BAY,7,3,2023,M,NA,P,41.8,111,89,NA,A,7/3/23,E ALEU
22267,119A,UGAMAK/UGAMAK BAY,7,3,2023,M,NA,P,35,106,71,NA,A,7/3/23,E ALEU
22268,120A,UGAMAK/UGAMAK BAY,7,3,2023,M,NA,P,24.8,100,67,NA,A,7/3/23,E ALEU
22269,121A,UGAMAK/UGAMAK BAY,7,3,2023,M,NA,P,41.4,114,82,NA,A,7/3/23,E ALEU
22270,122A,UGAMAK/UGAMAK BAY,7,3,2023,M,NA,P,42,116,84,NA,A,7/3/23,E ALEU
22271,123A,UGAMAK/UGAMAK BAY,7,3,2023,M,NA,P,29.2,106,67,NA,A,7/3/23,E ALEU
22272,124A,UGAMAK/UGAMAK BAY,7,3,2023,M,NA,P,22.2,98,64,NA,A,7/3/23,E ALEU
22273,125A,UGAMAK/UGAMAK BAY,7,3,2023,F,NA,P,32.4,106,78,NA,A,7/3/23,E ALEU
22274,126A,UGAMAK/UGAMAK BAY,7,3,2023,F,NA,P,24,96,65,NA,A,7/3/23,E ALEU
22275,127A,UGAMAK/UGAMAK BAY,7,3,2023,F,NA,P,25.8,103,70,NA,A,7/3/23,E ALEU
22276,128A,UGAMAK/UGAMAK BAY,7,3,2023,M,NA,P,40.4,111,85,NA,A,7/3/23,E ALEU
22277,129A,UGAMAK/UGAMAK BAY,7,3,2023,F,NA,P,24.6,95,70,NA,A,7/3/23,E ALEU
22278,130A,UGAMAK/UGAMAK BAY,7,3,2023,F,NA,P,26.4,107,65,NA,A,7/3/23,E ALEU
22279,131A,UGAMAK/UGAMAK BAY,7,3,2023,M,NA,P,41.6,116,81,NA,A,7/3/23,E ALEU
22280,132A,UGAMAK/UGAMAK BAY,7,3,2023,M,NA,P,35.8,118,74,NA,A,7/3/23,E ALEU
22281,133A,UGAMAK/UGAMAK BAY,7,3,2023,F,NA,P,31.2,107,74,NA,A,7/3/23,E ALEU
22282,134A,UGAMAK/UGAMAK BAY,7,3,2023,F,NA,P,35.4,107,77,NA,A,7/3/23,E ALEU
22283,135A,UGAMAK/UGAMAK BAY,7,3,2023,M,NA,P,38,112,84,NA,A,7/3/23,E ALEU
22284,136A,UGAMAK/UGAMAK BAY,7,3,2023,F,NA,P,28.6,110,80,NA,A,7/3/23,E ALEU
22285,137A,UGAMAK/UGAMAK BAY,7,3,2023,F,NA,P,33,104,79,NA,A,7/3/23,E ALEU
22286,138A,UGAMAK/UGAMAK BAY,7,3,2023,F,NA,P,24,104,70,NA,A,7/3/23,E ALEU
22287,139A,UGAMAK/UGAMAK BAY,7,3,2023,F,NA,P,33.6,102,76,NA,A,7/3/23,E ALEU
22288,140A,UGAMAK/UGAMAK BAY,7,3,2023,F,NA,P,27.2,103,70,NA,A,7/3/23,E ALEU
22289,141A,UGAMAK/UGAMAK BAY,7,3,2023,F,NA,P,24.8,103,70,NA,A,7/3/23,E ALEU
22290,142A,UGAMAK/UGAMAK BAY,7,3,2023,F,NA,P,28.8,102,73,NA,A,7/3/23,E ALEU
22291,143A,UGAMAK/UGAMAK BAY,7,3,2023,F,NA,P,34.6,108,85,NA,A,7/3/23,E ALEU
22292,144A,UGAMAK/UGAMAK BAY,7,3,2023,M,NA,P,47.2,119,89,NA,A,7/3/23,E ALEU
22293,145A,UGAMAK/UGAMAK BAY,7,3,2023,F,NA,P,35,107,77,NA,A,7/3/23,E ALEU
22294,146A,UGAMAK/UGAMAK BAY,7,3,2023,F,NA,P,31.4,103,75,NA,A,7/3/23,E ALEU
22295,147A,UGAMAK/UGAMAK BAY,7,3,2023,M,NA,P,34.8,105,76,NA,A,7/3/23,E ALEU
22296,148A,UGAMAK/UGAMAK BAY,7,3,2023,F,NA,P,25.4,94,72,NA,A,7/3/23,E ALEU
22297,149A,UGAMAK/UGAMAK BAY,7,3,2023,F,NA,P,32.4,106,84,NA,A,7/3/23,E ALEU
22298,150A,UGAMAK/UGAMAK BAY,7,3,2023,M,NA,P,13.8,100,75,NA,A,7/3/23,E ALEU
22299,151A,UGAMAK/UGAMAK BAY,7,3,2023,M,NA,P,28.2,104,68,NA,A,7/3/23,E ALEU
22300,152A,UGAMAK/UGAMAK BAY,7,3,2023,M,NA,P,31.4,115,74,NA,A,7/3/23,E ALEU
22301,153A,UGAMAK/UGAMAK BAY,7,3,2023,F,NA,P,32.4,103,73,NA,A,7/3/23,E ALEU
22302,154A,UGAMAK/UGAMAK BAY,7,3,2023,F,NA,P,25.2,102,70,NA,A,7/3/23,E ALEU
22303,155A,UGAMAK/UGAMAK BAY,7,3,2023,F,NA,P,21.2,97,64,NA,A,7/3/23,E ALEU
22304,156A,UGAMAK/UGAMAK BAY,7,3,2023,F,NA,P,26.8,100,72,NA,A,7/3/23,E ALEU
22305,157A,UGAMAK/UGAMAK BAY,7,3,2023,M,NA,P,31.6,109,73,NA,A,7/3/23,E ALEU
22306,158A,UGAMAK/UGAMAK BAY,7,3,2023,F,NA,P,38.6,111,84,NA,A,7/3/23,E ALEU
22307,159A,UGAMAK/UGAMAK BAY,7,3,2023,M,NA,P,45,115,84,NA,A,7/3/23,E ALEU
22308,160A,UGAMAK/UGAMAK BAY,7,3,2023,M,NA,P,36.6,114,78,NA,A,7/3/23,E ALEU
22309,161A,UGAMAK/UGAMAK BAY,7,3,2023,F,NA,P,29.4,107,79,NA,A,7/3/23,E ALEU
22310,162A,UGAMAK/UGAMAK BAY,7,3,2023,M,NA,P,40.4,118,81,NA,A,7/3/23,E ALEU
22311,163A,UGAMAK/UGAMAK BAY,7,3,2023,M,NA,P,38.4,117,82,NA,A,7/3/23,E ALEU
22312,164A,UGAMAK/UGAMAK BAY,7,3,2023,M,NA,P,40.4,118,83,NA,A,7/3/23,E ALEU
22313,165A,UGAMAK/UGAMAK BAY,7,3,2023,F,NA,P,28.8,109,86,NA,A,7/3/23,E ALEU
22314,166A,UGAMAK/UGAMAK BAY,7,3,2023,M,NA,P,37,115,82,NA,A,7/3/23,E ALEU
22315,167A,UGAMAK/UGAMAK BAY,7,3,2023,M,NA,P,36.8,112,84,NA,A,7/3/23,E ALEU
22316,168A,UGAMAK/UGAMAK BAY,7,3,2023,M,NA,P,35.6,115,67,NA,A,7/3/23,E ALEU
22317,169A,UGAMAK/UGAMAK BAY,7,3,2023,M,NA,P,29,105,70,NA,A,7/3/23,E ALEU
22318,170A,UGAMAK/UGAMAK BAY,7,3,2023,F,NA,P,31.8,103,74,NA,A,7/3/23,E ALEU
22319,171A,UGAMAK/UGAMAK BAY,7,3,2023,M,NA,P,38,118,79,NA,A,7/3/23,E ALEU
22320,172A,UGAMAK/UGAMAK BAY,7,3,2023,F,NA,P,35.6,110,82,NA,A,7/3/23,E ALEU
22321,173A,UGAMAK/UGAMAK BAY,7,3,2023,M,NA,P,41.8,122,84,NA,A,7/3/23,E ALEU
22322,174A,UGAMAK/NORTH,7,4,2023,F,NA,P,25.5,100,68,NA,A,7/4/23,E ALEU
22323,175A,UGAMAK/NORTH,7,4,2023,F,NA,P,31,107,75,NA,A,7/4/23,E ALEU
22324,176A,UGAMAK/NORTH,7,4,2023,F,NA,P,37.5,117,80,NA,A,7/4/23,E ALEU
22325,177A,UGAMAK/NORTH,7,4,2023,F,NA,P,38.5,113,77,NA,A,7/4/23,E ALEU
22326,178A,UGAMAK/NORTH,7,4,2023,M,NA,P,36,114,76,NA,A,7/4/23,E ALEU
22327,179A,UGAMAK/NORTH,7,4,2023,M,NA,P,27.5,100,70,NA,A,7/4/23,E ALEU
22328,180A,UGAMAK/NORTH,7,4,2023,M,NA,P,30.5,105,74,NA,A,7/4/23,E ALEU
22329,181A,UGAMAK/NORTH,7,4,2023,M,NA,P,38.5,115,79,NA,A,7/4/23,E ALEU
22330,182A,UGAMAK/NORTH,7,4,2023,M,NA,P,37,111,81,NA,A,7/4/23,E ALEU
22331,183A,UGAMAK/NORTH,7,4,2023,M,NA,P,47.5,117,88,NA,A,7/4/23,E ALEU
22332,184A,UGAMAK/NORTH,7,4,2023,F,NA,P,29,111,74,NA,A,7/4/23,E ALEU
22333,185A,UGAMAK/NORTH,7,4,2023,F,NA,P,28,105,71,NA,A,7/4/23,E ALEU
22334,186A,UGAMAK/NORTH,7,4,2023,F,NA,P,26.5,97,67,NA,A,7/4/23,E ALEU
22335,187A,UGAMAK/NORTH,7,4,2023,F,NA,P,27,105,69,NA,A,7/4/23,E ALEU
22336,188A,UGAMAK/NORTH,7,4,2023,F,NA,P,31.5,109,72,NA,A,7/4/23,E ALEU
22337,189A,UGAMAK/NORTH,7,4,2023,M,NA,P,39.5,121,78,NA,A,7/4/23,E ALEU
22338,190A,UGAMAK/NORTH,7,4,2023,F,NA,P,32.5,106,72,NA,A,7/4/23,E ALEU
22339,191A,UGAMAK/NORTH,7,4,2023,M,NA,P,37,109,82,NA,A,7/4/23,E ALEU
22340,192A,UGAMAK/NORTH,7,4,2023,F,NA,P,30,104,79,NA,A,7/4/23,E ALEU
22341,193A,UGAMAK/NORTH,7,4,2023,M,NA,P,30,104,74,NA,A,7/4/23,E ALEU
22342,194A,UGAMAK/NORTH,7,4,2023,M,NA,P,26,107,66,NA,A,7/4/23,E ALEU
22343,195A,UGAMAK/NORTH,7,4,2023,M,NA,P,40,115,84,NA,A,7/4/23,E ALEU
22344,196A,UGAMAK/NORTH,7,4,2023,F,NA,P,35.5,109,78,NA,A,7/4/23,E ALEU
22345,197A,UGAMAK/NORTH,7,4,2023,M,NA,P,41.5,117,78,NA,A,7/4/23,E ALEU
22346,198A,UGAMAK/NORTH,7,4,2023,M,NA,P,35.5,112,76,NA,A,7/4/23,E ALEU
22347,199A,UGAMAK/NORTH,7,4,2023,F,NA,P,33.5,109,77,NA,A,7/4/23,E ALEU
22348,200A,UGAMAK/NORTH,7,4,2023,M,NA,P,35.5,113,75,NA,A,7/4/23,E ALEU
22349,201A,UGAMAK/NORTH,7,4,2023,M,NA,P,37.5,112,82,NA,A,7/4/23,E ALEU
22350,202A,UGAMAK/NORTH,7,4,2023,F,NA,P,30,103,72,NA,A,7/4/23,E ALEU
22351,203A,UGAMAK/NORTH,7,4,2023,F,NA,P,36.5,107,76,NA,A,7/4/23,E ALEU
22352,204A,UGAMAK/NORTH,7,4,2023,M,NA,P,24,98,66,NA,A,7/4/23,E ALEU
22353,205A,UGAMAK/NORTH,7,4,2023,M,NA,P,26,105,69,NA,A,7/4/23,E ALEU
22354,206A,UGAMAK/NORTH,7,4,2023,M,NA,P,37,109,76,NA,A,7/4/23,E ALEU
22355,207A,UGAMAK/NORTH,7,4,2023,M,NA,P,33.5,111,77,NA,A,7/4/23,E ALEU
22356,208A,UGAMAK/NORTH,7,4,2023,F,NA,P,31,104,77,NA,A,7/4/23,E ALEU
22357,209A,UGAMAK/NORTH,7,4,2023,F,NA,P,31.5,106,69,NA,A,7/4/23,E ALEU
22358,210A,UGAMAK/NORTH,7,4,2023,M,NA,P,41,117,86,NA,A,7/4/23,E ALEU
22359,211A,UGAMAK/NORTH,7,4,2023,M,NA,P,35.5,114,78,NA,A,7/4/23,E ALEU
22360,212A,UGAMAK/NORTH,7,4,2023,M,NA,P,43.5,110,83,NA,A,7/4/23,E ALEU
22361,213A,UGAMAK/NORTH,7,4,2023,F,NA,P,34,109,86,NA,A,7/4/23,E ALEU
22362,214A,UGAMAK/NORTH,7,4,2023,M,NA,P,25,100,67,NA,A,7/4/23,E ALEU
22363,215A,UGAMAK/NORTH,7,4,2023,M,NA,P,36.5,114,74,NA,A,7/4/23,E ALEU
22364,216A,UGAMAK/NORTH,7,4,2023,M,NA,P,33,108,71,NA,A,7/4/23,E ALEU
22365,217A,UGAMAK/NORTH,7,4,2023,F,NA,P,28.5,107,71,NA,A,7/4/23,E ALEU
22366,218A,UGAMAK/NORTH,7,4,2023,M,NA,P,41.5,115,90,NA,A,7/4/23,E ALEU
22367,219A,UGAMAK/NORTH,7,4,2023,M,NA,P,43.5,112,90,NA,A,7/4/23,E ALEU
22368,220A,UGAMAK/NORTH,7,4,2023,F,NA,P,30,110,72,NA,A,7/4/23,E ALEU
22369,221A,UGAMAK/NORTH,7,4,2023,M,NA,P,33,106,78,NA,A,7/4/23,E ALEU
22370,222A,UGAMAK/NORTH,7,4,2023,F,NA,P,30.5,104,78,NA,A,7/4/23,E ALEU
22371,223A,UGAMAK/NORTH,7,4,2023,F,NA,P,29,106,71,NA,A,7/4/23,E ALEU